-- MariaDB dump 10.19  Distrib 10.5.12-MariaDB, for Linux (x86_64)
--
-- Host: mysql.hostinger.ro    Database: u574849695_23
-- ------------------------------------------------------
-- Server version	10.5.12-MariaDB-cll-lve

/*!40101 SET @OLD_CHARACTER_SET_CLIENT=@@CHARACTER_SET_CLIENT */;
/*!40101 SET @OLD_CHARACTER_SET_RESULTS=@@CHARACTER_SET_RESULTS */;
/*!40101 SET @OLD_COLLATION_CONNECTION=@@COLLATION_CONNECTION */;
/*!40101 SET NAMES utf8mb4 */;
/*!40103 SET @OLD_TIME_ZONE=@@TIME_ZONE */;
/*!40103 SET TIME_ZONE='+00:00' */;
/*!40014 SET @OLD_UNIQUE_CHECKS=@@UNIQUE_CHECKS, UNIQUE_CHECKS=0 */;
/*!40014 SET @OLD_FOREIGN_KEY_CHECKS=@@FOREIGN_KEY_CHECKS, FOREIGN_KEY_CHECKS=0 */;
/*!40101 SET @OLD_SQL_MODE=@@SQL_MODE, SQL_MODE='NO_AUTO_VALUE_ON_ZERO' */;
/*!40111 SET @OLD_SQL_NOTES=@@SQL_NOTES, SQL_NOTES=0 */;

--
-- Table structure for table `products`
--

DROP TABLE IF EXISTS `products`;
/*!40101 SET @saved_cs_client     = @@character_set_client */;
/*!40101 SET character_set_client = utf8 */;
CREATE TABLE `products` (
  `id` int(11) NOT NULL AUTO_INCREMENT,
  `product_name` varchar(100) COLLATE utf8mb4_unicode_ci NOT NULL,
  `product_desc` varchar(255) COLLATE utf8mb4_unicode_ci DEFAULT NULL,
  `product_price` double NOT NULL,
  `product_quantity_in_stock` int(11) NOT NULL,
  PRIMARY KEY (`id`)
) ENGINE=InnoDB AUTO_INCREMENT=101 DEFAULT CHARSET=utf8mb4 COLLATE=utf8mb4_unicode_ci;
/*!40101 SET character_set_client = @saved_cs_client */;

--
-- Dumping data for table `products`
--

LOCK TABLES `products` WRITE;
/*!40000 ALTER TABLE `products` DISABLE KEYS */;
INSERT INTO `products` VALUES (1,'enim',NULL,3886711,187),(2,'id',NULL,366.715684764,17),(3,'illo',NULL,0,9166),(4,'vero',NULL,13299056.00506,695894),(5,'architecto',NULL,321785775.47517,15042260),(6,'voluptatem',NULL,43625.633912326,8),(7,'incidunt',NULL,3287.202718,2790186),(8,'et',NULL,209646.9,19),(9,'sed',NULL,17170825.19501,1653923),(10,'consequuntur',NULL,270.4601409,3),(11,'ut',NULL,203.46474824,0),(12,'assumenda',NULL,4306.88897,6661),(13,'qui',NULL,39.264,7),(14,'ut',NULL,92.1392,1486),(15,'amet',NULL,443870.311,71523),(16,'voluptate',NULL,18.2,120),(17,'doloribus',NULL,0,113),(18,'magnam',NULL,0.55377703,666),(19,'laboriosam',NULL,0,458138),(20,'necessitatibus',NULL,0,60269078),(21,'molestiae',NULL,37156702,68),(22,'doloribus',NULL,74160231.6,0),(23,'vel',NULL,6905269.0672812,127295),(24,'vero',NULL,1.7,0),(25,'ea',NULL,5010,7718),(26,'dolore',NULL,0,50754823),(27,'aut',NULL,238664.9,276085714),(28,'earum',NULL,37154716.6258,63238050),(29,'ut',NULL,415.9778,3094),(30,'quisquam',NULL,0.728094907,0),(31,'amet',NULL,50.72153,0),(32,'quidem',NULL,42.0928956,1005321),(33,'quam',NULL,41736074.45,0),(34,'quibusdam',NULL,12883.2594,2708),(35,'fugiat',NULL,75,50767384),(36,'voluptas',NULL,99.8,1604617),(37,'corporis',NULL,3.106010707,1370),(38,'debitis',NULL,628088824.38974,2748),(39,'voluptas',NULL,391932309,54407),(40,'et',NULL,2.48555696,242),(41,'quidem',NULL,22453391.837368,20905033),(42,'quis',NULL,1146807.5125077,79),(43,'harum',NULL,68726.32343,31251),(44,'ab',NULL,54996066.136,145619),(45,'aut',NULL,16666634.27,54960),(46,'quisquam',NULL,992124.86719,91408586),(47,'dolorem',NULL,49.473728111,7066481),(48,'quis',NULL,57057287.871479,69122803),(49,'illo',NULL,35815508.00147,361),(50,'perferendis',NULL,5.49,426903687),(51,'quibusdam',NULL,66.454049,0),(52,'dignissimos',NULL,500865.5953,4986),(53,'rerum',NULL,1124855.2620636,160771),(54,'natus',NULL,468,1),(55,'fugit',NULL,524012506.11529,4143878),(56,'incidunt',NULL,44289.565952873,45),(57,'iste',NULL,2915.071,3634),(58,'voluptas',NULL,111.052,496),(59,'ratione',NULL,288.3648,6539),(60,'nam',NULL,3.210771257,38625724),(61,'facilis',NULL,44212.39514843,101940),(62,'mollitia',NULL,62564122.6,550),(63,'sunt',NULL,2.37250329,38206240),(64,'error',NULL,327406.4,0),(65,'aliquam',NULL,9039.4432,5468618),(66,'sint',NULL,2844349.9463589,1274),(67,'sit',NULL,0,1081585),(68,'et',NULL,4,1304),(69,'pariatur',NULL,46127290.754136,0),(70,'delectus',NULL,112.076853,34159),(71,'non',NULL,47.934202943,9),(72,'neque',NULL,1228480.1612866,1885),(73,'minima',NULL,65.296,203),(74,'eum',NULL,18482.34,81),(75,'est',NULL,23073.20984962,1),(76,'architecto',NULL,21386574.1,3),(77,'ipsa',NULL,36537.504577,130158),(78,'magni',NULL,26.502344222,5),(79,'consequuntur',NULL,3979.9019,289),(80,'earum',NULL,38,40),(81,'consequuntur',NULL,0,239),(82,'sed',NULL,1151.4,39),(83,'praesentium',NULL,5004374.5,20272),(84,'facilis',NULL,30.8,0),(85,'quis',NULL,33651497,329),(86,'dolores',NULL,349268496.889,54),(87,'quae',NULL,49846511.101407,4033740),(88,'eligendi',NULL,0,35143),(89,'doloribus',NULL,3.0508058,48054519),(90,'aliquid',NULL,398084.2269,179096962),(91,'in',NULL,37838.7,0),(92,'architecto',NULL,16920.087,6),(93,'eius',NULL,1751.024295,165),(94,'sint',NULL,45.2,47252885),(95,'earum',NULL,23317.2,0),(96,'eius',NULL,23250.92,1),(97,'excepturi',NULL,40560441.3988,2444),(98,'ut',NULL,110.780214361,13),(99,'aut',NULL,372281.86493865,0),(100,'facere',NULL,151,4366);
/*!40000 ALTER TABLE `products` ENABLE KEYS */;
UNLOCK TABLES;

--
-- Table structure for table `purchases`
--

DROP TABLE IF EXISTS `purchases`;
/*!40101 SET @saved_cs_client     = @@character_set_client */;
/*!40101 SET character_set_client = utf8 */;
CREATE TABLE `purchases` (
  `id` int(11) NOT NULL AUTO_INCREMENT,
  `user_id` int(11) NOT NULL,
  `product_id` int(11) NOT NULL,
  `date_of_purchase` date NOT NULL,
  `purchase_price` double NOT NULL,
  `quantity` int(11) NOT NULL,
  PRIMARY KEY (`id`),
  KEY `user_id` (`user_id`),
  KEY `product_id` (`product_id`),
  CONSTRAINT `purchases_ibfk_1` FOREIGN KEY (`user_id`) REFERENCES `users` (`id`),
  CONSTRAINT `purchases_ibfk_2` FOREIGN KEY (`product_id`) REFERENCES `products` (`id`)
) ENGINE=InnoDB AUTO_INCREMENT=101 DEFAULT CHARSET=utf8mb4 COLLATE=utf8mb4_unicode_ci;
/*!40101 SET character_set_client = @saved_cs_client */;

--
-- Dumping data for table `purchases`
--

LOCK TABLES `purchases` WRITE;
/*!40000 ALTER TABLE `purchases` DISABLE KEYS */;
INSERT INTO `purchases` VALUES (1,1,1,'1988-03-02',3073.55982,258773),(2,2,2,'1987-06-30',3.235393793,0),(3,3,3,'2008-06-11',28233.9447,1),(4,4,4,'1986-09-20',1439.10463,2083),(5,5,5,'1994-11-27',589075.131,1440678),(6,6,6,'2008-01-17',1182.68931981,452),(7,7,7,'2011-08-26',4334371,32),(8,8,8,'2009-04-15',6630.807,2099),(9,9,9,'1982-08-13',0,54),(10,10,10,'1975-10-10',0.327931,365591),(11,11,11,'1976-11-30',6696.2,4396),(12,12,12,'1989-03-16',83045.039,0),(13,13,13,'2000-10-08',7843.8918323,607531),(14,14,14,'1984-02-01',0,0),(15,15,15,'2021-08-08',199043449.0676,1),(16,16,16,'2016-03-26',372.9,866639),(17,17,17,'2011-03-05',18.0832,0),(18,18,18,'1980-11-02',138333170.48669,43),(19,19,19,'1987-08-30',1.1309,39746),(20,20,20,'1998-08-17',0,128176),(21,21,21,'2020-08-07',1639.1725,1606112),(22,22,22,'1970-04-15',450852356.93915,3198552),(23,23,23,'1987-09-07',531173.61342946,0),(24,24,24,'1970-06-15',7238,57226512),(25,25,25,'2009-10-10',28138,710080),(26,26,26,'2021-03-05',235356.4656,0),(27,27,27,'2020-12-13',5660308.07724,86),(28,28,28,'2017-11-17',32.014814679,898934),(29,29,29,'1991-03-23',4630198.758,1),(30,30,30,'2012-04-17',830.524656,204),(31,31,31,'2006-08-27',519953724.71567,2750),(32,32,32,'2015-10-22',21149.5202,35104532),(33,33,33,'2008-05-28',0,38595),(34,34,34,'1984-06-30',73.2,855),(35,35,35,'1979-08-22',0,177),(36,36,36,'1980-08-29',0,26920),(37,37,37,'1992-05-25',276058.8534,84608050),(38,38,38,'2021-02-13',4711.61,657),(39,39,39,'2022-08-18',0.6,275625),(40,40,40,'2007-12-10',2.94243319,73),(41,41,41,'2008-09-03',443436784.59976,33),(42,42,42,'1974-03-23',97606,0),(43,43,43,'2013-07-01',3453166.5,718),(44,44,44,'2011-06-21',0.054195155,2),(45,45,45,'2015-04-27',40615470.6,1),(46,46,46,'1981-05-08',0,289336021),(47,47,47,'1993-09-16',1126.1,4139529),(48,48,48,'1977-08-01',129.772494,3830),(49,49,49,'1996-04-06',778731.489,40306),(50,50,50,'1991-05-07',5.9790992,27293),(51,51,51,'2005-01-14',235,138),(52,52,52,'2017-10-01',1946016.751948,91758346),(53,53,53,'2015-07-08',37,318),(54,54,54,'1977-03-02',29,0),(55,55,55,'2015-03-25',3804.895189444,36486406),(56,56,56,'1987-07-04',1.67,14),(57,57,57,'2018-10-07',114.95016,21),(58,58,58,'1974-07-02',0,146502),(59,59,59,'2011-04-10',47,6756304),(60,60,60,'1988-04-14',0,390087155),(61,61,61,'1975-03-05',426339416.02,160747),(62,62,62,'1982-02-16',659536.9768339,0),(63,63,63,'2015-03-17',30763389.23,144),(64,64,64,'1978-12-10',29684155.1859,8889),(65,65,65,'2016-04-03',142999052.2074,78909),(66,66,66,'2020-03-14',2423283.14,0),(67,67,67,'2022-05-26',1472.6,17259),(68,68,68,'1973-09-05',30.139255328,19827979),(69,69,69,'1977-03-03',8056.76,0),(70,70,70,'1970-10-29',1.771183,1618724),(71,71,71,'2019-02-16',895.157514982,1488),(72,72,72,'2021-11-10',0,502633420),(73,73,73,'2018-05-27',0.3755,15019),(74,74,74,'1978-06-30',3148648.8,1),(75,75,75,'2011-09-26',43890136.166,14101645),(76,76,76,'1993-04-24',29224695.8273,6559391),(77,77,77,'2010-03-21',24657.28881536,200),(78,78,78,'1972-05-21',55931858.83181,121942),(79,79,79,'1971-11-10',823800171,7873),(80,80,80,'1996-05-04',980.90239,32),(81,81,81,'2000-02-05',129.2061,6257482),(82,82,82,'1998-05-11',2020.6428,188986),(83,83,83,'1995-05-10',66616735.2632,0),(84,84,84,'1971-04-21',19626.15301496,769366),(85,85,85,'1998-07-12',688409.48452919,13196),(86,86,86,'2016-08-03',267738.92856,2),(87,87,87,'2005-12-19',8595.936009,8),(88,88,88,'2011-03-25',311051286.16,158650234),(89,89,89,'1983-10-10',157.705901,57183162),(90,90,90,'1989-02-21',1635794.18104,3445),(91,91,91,'2004-01-06',159599.06,152933124),(92,92,92,'1992-08-11',3.635617,0),(93,93,93,'1987-01-10',0,12),(94,94,94,'1977-10-10',1061023.2913654,0),(95,95,95,'1988-04-22',192446.52,7689),(96,96,96,'2014-08-31',9896212.52107,89090),(97,97,97,'1982-01-01',0,35),(98,98,98,'1985-02-03',27.012,6),(99,99,99,'1998-09-06',2253.23534,14415063),(100,100,100,'2007-12-28',30055.6,730526232);
/*!40000 ALTER TABLE `purchases` ENABLE KEYS */;
UNLOCK TABLES;

--
-- Table structure for table `roles`
--

DROP TABLE IF EXISTS `roles`;
/*!40101 SET @saved_cs_client     = @@character_set_client */;
/*!40101 SET character_set_client = utf8 */;
CREATE TABLE `roles` (
  `id` int(11) NOT NULL AUTO_INCREMENT,
  `role_name` varchar(100) COLLATE utf8mb4_unicode_ci NOT NULL,
  PRIMARY KEY (`id`)
) ENGINE=InnoDB AUTO_INCREMENT=101 DEFAULT CHARSET=utf8mb4 COLLATE=utf8mb4_unicode_ci;
/*!40101 SET character_set_client = @saved_cs_client */;

--
-- Dumping data for table `roles`
--

LOCK TABLES `roles` WRITE;
/*!40000 ALTER TABLE `roles` DISABLE KEYS */;
INSERT INTO `roles` VALUES (1,'fugit'),(2,'est'),(3,'et'),(4,'voluptas'),(5,'suscipit'),(6,'non'),(7,'incidunt'),(8,'voluptas'),(9,'nemo'),(10,'eius'),(11,'hic'),(12,'laboriosam'),(13,'magni'),(14,'quod'),(15,'voluptatum'),(16,'quia'),(17,'est'),(18,'illo'),(19,'quod'),(20,'quas'),(21,'fugiat'),(22,'porro'),(23,'sunt'),(24,'nobis'),(25,'libero'),(26,'labore'),(27,'quisquam'),(28,'quisquam'),(29,'consequatur'),(30,'mollitia'),(31,'aperiam'),(32,'cumque'),(33,'modi'),(34,'esse'),(35,'veritatis'),(36,'laborum'),(37,'quia'),(38,'sed'),(39,'nihil'),(40,'reiciendis'),(41,'dolores'),(42,'consequuntur'),(43,'reiciendis'),(44,'sunt'),(45,'est'),(46,'excepturi'),(47,'et'),(48,'adipisci'),(49,'doloremque'),(50,'beatae'),(51,'omnis'),(52,'officia'),(53,'ut'),(54,'consequatur'),(55,'ex'),(56,'pariatur'),(57,'culpa'),(58,'odio'),(59,'sit'),(60,'repellat'),(61,'molestiae'),(62,'deserunt'),(63,'enim'),(64,'nam'),(65,'commodi'),(66,'a'),(67,'laboriosam'),(68,'ut'),(69,'repudiandae'),(70,'sapiente'),(71,'non'),(72,'sint'),(73,'ratione'),(74,'dolor'),(75,'quam'),(76,'molestiae'),(77,'dolores'),(78,'eius'),(79,'ea'),(80,'ea'),(81,'fugit'),(82,'sequi'),(83,'officiis'),(84,'aliquid'),(85,'explicabo'),(86,'impedit'),(87,'est'),(88,'voluptatem'),(89,'aut'),(90,'quas'),(91,'hic'),(92,'voluptatem'),(93,'unde'),(94,'voluptates'),(95,'qui'),(96,'dolores'),(97,'cum'),(98,'labore'),(99,'iure'),(100,'vel');
/*!40000 ALTER TABLE `roles` ENABLE KEYS */;
UNLOCK TABLES;

--
-- Table structure for table `user_roles`
--

DROP TABLE IF EXISTS `user_roles`;
/*!40101 SET @saved_cs_client     = @@character_set_client */;
/*!40101 SET character_set_client = utf8 */;
CREATE TABLE `user_roles` (
  `user_id` int(11) NOT NULL,
  `role_id` int(11) NOT NULL,
  UNIQUE KEY `user_id` (`user_id`,`role_id`),
  KEY `role_id` (`role_id`),
  CONSTRAINT `user_roles_ibfk_1` FOREIGN KEY (`user_id`) REFERENCES `users` (`id`),
  CONSTRAINT `user_roles_ibfk_2` FOREIGN KEY (`role_id`) REFERENCES `roles` (`id`)
) ENGINE=InnoDB DEFAULT CHARSET=utf8mb4 COLLATE=utf8mb4_unicode_ci;
/*!40101 SET character_set_client = @saved_cs_client */;

--
-- Dumping data for table `user_roles`
--

LOCK TABLES `user_roles` WRITE;
/*!40000 ALTER TABLE `user_roles` DISABLE KEYS */;
INSERT INTO `user_roles` VALUES (1,1),(2,2),(3,3),(4,4),(5,5),(6,6),(7,7),(8,8),(9,9),(10,10),(11,11),(12,12),(13,13),(14,14),(15,15),(16,16),(17,17),(18,18),(19,19),(20,20),(21,21),(22,22),(23,23),(24,24),(25,25),(26,26),(27,27),(28,28),(29,29),(30,30),(31,31),(32,32),(33,33),(34,34),(35,35),(36,36),(37,37),(38,38),(39,39),(40,40),(41,41),(42,42),(43,43),(44,44),(45,45),(46,46),(47,47),(48,48),(49,49),(50,50),(51,51),(52,52),(53,53),(54,54),(55,55),(56,56),(57,57),(58,58),(59,59),(60,60),(61,61),(62,62),(63,63),(64,64),(65,65),(66,66),(67,67),(68,68),(69,69),(70,70),(71,71),(72,72),(73,73),(74,74),(75,75),(76,76),(77,77),(78,78),(79,79),(80,80),(81,81),(82,82),(83,83),(84,84),(85,85),(86,86),(87,87),(88,88),(89,89),(90,90),(91,91),(92,92),(93,93),(94,94),(95,95),(96,96),(97,97),(98,98),(99,99),(100,100);
/*!40000 ALTER TABLE `user_roles` ENABLE KEYS */;
UNLOCK TABLES;

--
-- Table structure for table `users`
--

DROP TABLE IF EXISTS `users`;
/*!40101 SET @saved_cs_client     = @@character_set_client */;
/*!40101 SET character_set_client = utf8 */;
CREATE TABLE `users` (
  `id` int(11) NOT NULL AUTO_INCREMENT,
  `user_name` varchar(100) COLLATE utf8mb4_unicode_ci NOT NULL,
  `user_password` varchar(100) COLLATE utf8mb4_unicode_ci NOT NULL,
  PRIMARY KEY (`id`)
) ENGINE=InnoDB AUTO_INCREMENT=101 DEFAULT CHARSET=utf8mb4 COLLATE=utf8mb4_unicode_ci;
/*!40101 SET character_set_client = @saved_cs_client */;

--
-- Dumping data for table `users`
--

LOCK TABLES `users` WRITE;
/*!40000 ALTER TABLE `users` DISABLE KEYS */;
INSERT INTO `users` VALUES (1,'wschiller','e0be5075dea6fa28f60cf46fe07214c142d6dfeb'),(2,'fahey.bette','a336fd318698fd9080f305fec7afb2cff1c85968'),(3,'katherine.hackett','234888d38eba830b636738c21caf7f0ca785ec5b'),(4,'emmie.turcotte','577be4fabada4bcf23b29143dc2b9d007adb0966'),(5,'kessler.sammy','d2ac59fa58a9637f2e237483af41f354094e4309'),(6,'cindy.macejkovic','098b459e45675930c3473fe72c9cd7995fbdd058'),(7,'angelo35','b4e5993953effa7f63b4fe9d15234bf4cc59f344'),(8,'tbernier','e575c088ebcfbbfa62b3107fc071b0e31ab69f58'),(9,'gupton','8e641ca5b66b369628b8738379be093e74016fdb'),(10,'mitchell.waylon','7e34347ee04b023fcace94ef2d29c7a44b79cb09'),(11,'alexandrea08','8af53730596cebdc71e3d5a0a4e6d382338db169'),(12,'kemard','e1d3d224b7c9d58c7eaf9ce8a2fe81af7ed7ee2a'),(13,'orn.dennis','828ce6ecfec406e53aa56d4c5ae9df49534e927d'),(14,'palma.goyette','63cdd6c3382869267c77550be7d84f2f66365274'),(15,'schulist.lilian','ba28b6fe52e8dee27cadd142d6802cd9b22a5656'),(16,'vern70','51b0f41966674dfc593ce913814ca46e669ab640'),(17,'hand.alvena','302a08ddf1284c4ab2718fe639b695da07467ca3'),(18,'hickle.lulu','275e50253761f58fde9682655f208c31718ad056'),(19,'feeney.ernest','2168b5b12ff1bdd6140a43f80299dbfaebdcfd1b'),(20,'aheaney','2aebf5c379ce33a10382f3e880ccc12ccffb693b'),(21,'amiya.raynor','c54a42b2be712d4685135706f573bc0aef4efb8b'),(22,'farrell.janice','86d342c73671695b925dff94c2ec431a76ee63fa'),(23,'jaida39','bb40ef5dd1964e91e54b167bfa918197a99f101a'),(24,'ratke.dexter','776fc169c0a49ca4b78c1134c344b4b38f2c98d0'),(25,'wilma.cremin','22186c11bda006e215f1dd745e28d2f32f121b4b'),(26,'celestino.hand','49e26fc795708343efa25221b63deae5847da4fb'),(27,'ziemann.halle','0c13c75fbe76711adad823cadc6212e766c71463'),(28,'khodkiewicz','269117f458d5eba92241c935682602946857d8cb'),(29,'carmela.tillman','d4152114b9520f941211430791044ea9b6557ab6'),(30,'prudence.veum','1a0f75238822ce9815e90f0e474fd32ffc4094fc'),(31,'zstark','e263537f8392f8615ec79c7c4919e99470d22fab'),(32,'roma.crooks','ca7dd9ea0a40364698ac0c2cb74f0de61bbdd8ec'),(33,'gladys24','a69bbde8aba9da3b4c4413b673c73e7b142bd222'),(34,'lurline.hessel','7937cf022f8d5eaf3257a59e55fd227c53b6fd6e'),(35,'wiza.khalil','798ce3d06d192e9137707e95695cb99a42144f1a'),(36,'brice','de67dfa4e7d62f5743cafcfad6bab322e7f7bf44'),(37,'dakota.schaefer','7ad639879239b44000b8a4888a0d614285638808'),(38,'jaskolski.boyd','45b0143f158c9c043504243db36df45b1d998ab6'),(39,'sbechtelar','e0ff94013d295c5b9bb4aa50aa29d4721e3f51c6'),(40,'madaline.feest','d3c65901acc1cf70842dfcc9ecb917f8e8d12f2d'),(41,'vincenzo82','16a1b19848a2dcc4496be0b103492f1ec185b56f'),(42,'domenick.pfeffer','3bcf352266a58cd9b733848363a7ffa04035195c'),(43,'pwitting','87e2afbe1f069ea5c2eea3624cd4734dee96d8d9'),(44,'vstrosin','5c619fab52024ec9366e292a3a68052abb452448'),(45,'icie53','7db2d54110e8d4a0b7254b67c3383aa266e9ecad'),(46,'ynicolas','6941f9e4c27d97cb35161ab6bf72b284e22f7a4f'),(47,'angelina.pfeffer','93433271f64f28f0c49c1fb69346b4e02c0283ce'),(48,'nola14','d886e8004e70c5d631fd199831963f1cc51c0364'),(49,'murazik.ericka','44ca58d75d716340c963ad377eb50f11b536dff2'),(50,'nikolaus.carmen','ed196535c76fb29a805c91430ac1d7beff4441fa'),(51,'emmalee00','e24143fc0f4e8043c52e22b8c9b16a09b212c8a0'),(52,'qharris','11d55d072aebd854d28c57725f0f36bf58f64a93'),(53,'qmraz','3700f1984357a732cb0b32c95c3875c979b995d3'),(54,'katherine29','a1bffb2491ed83b15f32b4642204bb40197568cd'),(55,'jasen10','2f22045186f45c0196b1d29124f54dc605fdb8a2'),(56,'ryan.jaren','a83f7cd043e9de54e0bf77eabdc79711e174c556'),(57,'jessie.paucek','274d825ca7e2c5413f2b73fb69b8c471d51994ea'),(58,'ruth.brakus','59c38e3e2879d5ec07b88dd2244549f87722c609'),(59,'gillian.dicki','c3a5d85b83b19a230794a821f358bc4ab6309fa0'),(60,'sporer.mittie','1c14ed72ad681624ba8f2751eadeb95796c7d5c3'),(61,'chet32','8fe731cb396623a12499f7c90624dc55e374cfbd'),(62,'zrippin','b740c39649a299044675c6cecbc174ef38b6ee99'),(63,'emmett.haley','9a87faa45cb32f05b44a0b4e75a98cc7273a6ddd'),(64,'zferry','c5eff765260a60210d70ee272c27e5758fe01553'),(65,'vito.casper','869a330566c2dc9beb99842a9370105efcc3c3bd'),(66,'gerhold.verda','15466195f2b15ebd8719bbf4ca4404d3923bfd4a'),(67,'fboehm','8a5fab19d2f93fc3a2b9dfb9cad1a57fa5c7ae74'),(68,'boyer.breana','4cfd4e0c8706d7f87581219ee2206b5723f5ec58'),(69,'kstanton','6f3e4843d27f1c0000314167941046ba7a92c05e'),(70,'abernathy.henderson','02fd60527c1949a8667bdc385a2987aae18a4209'),(71,'bertram.carroll','f7257b1b6150896d85184ca5572dc8955ce1b219'),(72,'afton57','b51ffffd9ba323016a91b3a9b331ad49ca8785cf'),(73,'xortiz','1e4f4bf054e32f24392a3f03531a9cb0ce4c2e50'),(74,'avonrueden','99a87515a51109f0780a96c13c6716a3a3933077'),(75,'jlueilwitz','960dd4622db396c7a9d7800632e1224a8cc744e4'),(76,'dahlia.pouros','240d0ff1aae324fd279abaefd5415a4f5aca97ae'),(77,'lowell.thiel','24c56d9bc6b46cea815fa95815e5dc11ce94643f'),(78,'carson.rolfson','91e45a22459dc7740f10610ecb132c6f79326c53'),(79,'ylindgren','8706db565aa54479ea2fb6856ac604d9798fa528'),(80,'ogreenfelder','ed5b137db86df0c09709dae49e56d2eee517f54e'),(81,'mabel82','41b80228c80fb16aa551dccbd02eac510da88eef'),(82,'prince16','5a4c43df238b852bbcb70fef03f421676c8507c3'),(83,'kendall.schumm','bb822c80155bfa67a0bf669760dc2d7c784d43ba'),(84,'laisha57','14ecdce40027065dc8a3e37d4bf8859274952d88'),(85,'aglae64','77e5f0657f7a845c0f079bec0cf08a39bb59f23a'),(86,'eschmidt','d3c5f0e40399b7d9416234d42518f5c462e5a827'),(87,'graham.wendell','0f226f044c2bd2a3a5017333c47851829f7a062c'),(88,'leanne78','823cd8cf0299424bcc495282e0549a6b2dce404e'),(89,'towne.lillie','8e6c70c998819134cfb464d70e8135f0c66cb374'),(90,'yconnelly','091a6ef115c42845bece8e4e7ac928d79e35bf67'),(91,'cristian12','50f21b1874daea21082a28d377819092c2286c27'),(92,'cbeier','51e9e7c673e1dd06407e6fdb5399074d4571e28a'),(93,'jordi.gusikowski','8b5dc433cccd0f6d5e2ac364505a0f0e58657ce7'),(94,'ghilll','bafd54145f6031a986d7f34aa016914a3a4b459c'),(95,'vern.denesik','b1a8f903ca3e3dd1753a1c92dd7064572570cfae'),(96,'jamarcus.cremin','b3ce7cccc5c0dfcac4ce8bb88d36f9fb922bacb4'),(97,'leuschke.ernesto','dda71b6b0c1a4730a1762968307f0ec3d17200ae'),(98,'casimir76','ea877df1bbc6c60e0061515d783645a896126ec8'),(99,'seth.runolfsdottir','2a34705fc3034f1ec60152731ba51da4af3a6d27'),(100,'rodrick96','a5e58a825cae400888ad3a15654709e6f39f5dcd');
/*!40000 ALTER TABLE `users` ENABLE KEYS */;
UNLOCK TABLES;
/*!40103 SET TIME_ZONE=@OLD_TIME_ZONE */;

/*!40101 SET SQL_MODE=@OLD_SQL_MODE */;
/*!40014 SET FOREIGN_KEY_CHECKS=@OLD_FOREIGN_KEY_CHECKS */;
/*!40014 SET UNIQUE_CHECKS=@OLD_UNIQUE_CHECKS */;
/*!40101 SET CHARACTER_SET_CLIENT=@OLD_CHARACTER_SET_CLIENT */;
/*!40101 SET CHARACTER_SET_RESULTS=@OLD_CHARACTER_SET_RESULTS */;
/*!40101 SET COLLATION_CONNECTION=@OLD_COLLATION_CONNECTION */;
/*!40111 SET SQL_NOTES=@OLD_SQL_NOTES */;

-- Dump completed on 2022-10-12  9:18:45
